task_id,creator_thread,executor_thread,start_time,end_time,duration
1,0,0,1790633754285479.000,1790633754350713.000,65234.000
2,0,0,1790633754350715.000,1790633754357394.000,6679.000
3,0,0,1790633754357394.000,1790633754364364.000,6970.000
4,0,0,1790633754364364.000,1790633754371350.000,6986.000
5,0,0,1790633754371351.000,1790633754379855.000,8504.000
6,0,0,1790633754379856.000,1790633754386970.000,7114.000
7,0,0,1790633754386971.000,1790633754395708.000,8737.000
8,0,0,1790633754395709.000,1790633754402929.000,7220.000
9,0,0,1790633754402931.000,1790633754410492.000,7561.000
10,0,0,1790633754410492.000,1790633754418145.000,7653.000
11,0,0,1790633754418147.000,1790633754425925.000,7778.000
12,0,0,1790633754425926.000,1790633754432882.000,6956.000
13,0,0,1790633754432882.000,1790633754439973.000,7091.000
14,0,0,1790633754439974.000,1790633754446943.000,6969.000
15,0,0,1790633754446943.000,1790633754453685.000,6742.000
16,0,0,1790633754453686.000,1790633754460203.000,6517.000
17,0,0,1790633754460203.000,1790633754466911.000,6708.000
18,0,0,1790633754466911.000,1790633754473557.000,6646.000
19,0,0,1790633754473558.000,1790633754480336.000,6778.000
20,0,0,1790633754480336.000,1790633754487095.000,6759.000
21,0,0,1790633754487097.000,1790633754493757.000,6660.000
22,0,0,1790633754493757.000,1790633754500741.000,6984.000
23,0,0,1790633754500742.000,1790633754507427.000,6685.000
24,0,0,1790633754507428.000,1790633754513896.000,6468.000
25,0,0,1790633754513896.000,1790633754520397.000,6501.000
26,0,0,1790633754520397.000,1790633754526908.000,6511.000
27,0,0,1790633754526908.000,1790633754533359.000,6451.000
28,0,0,1790633754533359.000,1790633754539865.000,6506.000
29,0,0,1790633754539866.000,1790633754546314.000,6448.000
30,0,0,1790633754546314.000,1790633754552804.000,6490.000
31,0,0,1790633754552805.000,1790633754559319.000,6514.000
32,0,0,1790633754559320.000,1790633754565852.000,6532.000
33,0,0,1790633754565852.000,1790633754572296.000,6444.000
34,0,0,1790633754572296.000,1790633754578755.000,6459.000
35,0,0,1790633754578755.000,1790633754585323.000,6568.000
36,0,0,1790633754585323.000,1790633754591749.000,6426.000
37,0,0,1790633754591750.000,1790633754598144.000,6394.000
38,0,0,1790633754598144.000,1790633754604604.000,6460.000
39,0,0,1790633754604605.000,1790633754611005.000,6400.000
40,0,0,1790633754611005.000,1790633754617514.000,6509.000
41,0,0,1790633754617515.000,1790633754623936.000,6421.000
42,0,0,1790633754623936.000,1790633754630375.000,6439.000
43,0,0,1790633754630375.000,1790633754636821.000,6446.000
44,0,0,1790633754636821.000,1790633754643217.000,6396.000
45,0,0,1790633754643218.000,1790633754649665.000,6447.000
46,0,0,1790633754649665.000,1790633754656117.000,6452.000
47,0,0,1790633754656117.000,1790633754662589.000,6472.000
48,0,0,1790633754662589.000,1790633754669104.000,6515.000
49,0,0,1790633754669104.000,1790633754675503.000,6399.000
50,0,0,1790633754675503.000,1790633754681937.000,6434.000
51,0,0,1790633754681937.000,1790633754688409.000,6472.000
52,0,0,1790633754688409.000,1790633754694862.000,6453.000
53,0,0,1790633754694862.000,1790633754701335.000,6473.000
54,0,0,1790633754701335.000,1790633754707788.000,6453.000
55,0,0,1790633754707788.000,1790633754714258.000,6470.000
56,0,0,1790633754714258.000,1790633754720785.000,6527.000
57,0,0,1790633754720786.000,1790633754727360.000,6574.000
58,0,0,1790633754727360.000,1790633754733985.000,6625.000
59,0,0,1790633754733985.000,1790633754740882.000,6897.000
60,0,0,1790633754740882.000,1790633754747690.000,6808.000
61,0,0,1790633754747690.000,1790633754754601.000,6911.000
62,0,0,1790633754754601.000,1790633754761397.000,6796.000
63,0,0,1790633754761397.000,1790633754768271.000,6874.000
64,0,0,1790633754768271.000,1790633754775175.000,6904.000
65,0,0,1790633754775175.000,1790633754782145.000,6970.000
66,0,0,1790633754782146.000,1790633754789185.000,7039.000
67,0,0,1790633754789186.000,1790633754796252.000,7066.000
68,0,0,1790633754796252.000,1790633754803206.000,6954.000
69,0,0,1790633754803206.000,1790633754810157.000,6951.000
70,0,0,1790633754810158.000,1790633754816989.000,6831.000
71,0,0,1790633754816990.000,1790633754823592.000,6602.000
72,0,0,1790633754823593.000,1790633754830314.000,6721.000
73,0,0,1790633754830314.000,1790633754836920.000,6606.000
74,0,0,1790633754836920.000,1790633754843778.000,6858.000
75,0,0,1790633754843778.000,1790633754850742.000,6964.000
76,0,0,1790633754850742.000,1790633754857591.000,6849.000
77,0,0,1790633754857591.000,1790633754864511.000,6920.000
78,0,0,1790633754864511.000,1790633754871124.000,6613.000
79,0,0,1790633754871125.000,1790633754878224.000,7099.000
80,0,0,1790633754878225.000,1790633754884952.000,6727.000
81,0,0,1790633754884952.000,1790633754891640.000,6688.000
82,0,0,1790633754891640.000,1790633754898534.000,6894.000
83,0,0,1790633754898534.000,1790633754905348.000,6814.000
84,0,0,1790633754905348.000,1790633754912392.000,7044.000
85,0,0,1790633754912392.000,1790633754919313.000,6921.000
86,0,0,1790633754919313.000,1790633754925938.000,6625.000
87,0,0,1790633754925938.000,1790633754932848.000,6910.000
88,0,0,1790633754932849.000,1790633754939733.000,6884.000
89,0,0,1790633754939733.000,1790633754946511.000,6778.000
90,0,0,1790633754946511.000,1790633754953333.000,6822.000
91,0,0,1790633754953333.000,1790633754960041.000,6708.000
92,0,0,1790633754960042.000,1790633754966633.000,6591.000
93,0,0,1790633754966634.000,1790633754973289.000,6655.000
94,0,0,1790633754973290.000,1790633754980154.000,6864.000
95,0,0,1790633754980154.000,1790633754986990.000,6836.000
96,0,0,1790633754986990.000,1790633754993684.000,6694.000
97,0,0,1790633754993685.000,1790633755000342.000,6657.000
98,0,0,1790633755000342.000,1790633755007111.000,6769.000
99,0,0,1790633755007111.000,1790633755013744.000,6633.000
100,0,0,1790633755013744.000,1790633755020790.000,7046.000
101,0,0,1790633755020792.000,1790633755027759.000,6967.000
102,0,0,1790633755027759.000,1790633755034672.000,6913.000
103,0,0,1790633755034672.000,1790633755041889.000,7217.000
104,0,0,1790633755041890.000,1790633755048979.000,7089.000
105,0,0,1790633755048979.000,1790633755055637.000,6658.000
106,0,0,1790633755055638.000,1790633755062266.000,6628.000
107,0,0,1790633755062266.000,1790633755069010.000,6744.000
108,0,0,1790633755069011.000,1790633755075898.000,6887.000
109,0,0,1790633755075899.000,1790633755082851.000,6952.000
110,0,0,1790633755082853.000,1790633755089929.000,7076.000
111,0,0,1790633755089930.000,1790633755096947.000,7017.000
112,0,0,1790633755096947.000,1790633755103790.000,6843.000
113,0,0,1790633755103790.000,1790633755110513.000,6723.000
114,0,0,1790633755110514.000,1790633755117251.000,6737.000
115,0,0,1790633755117251.000,1790633755124320.000,7069.000
